wallet_address,address_type
0x312d2213a26d619e1e1e4ac232ea1672118bc4d4,Ethereum — Gnosis Safe
0x63c0d4bcae2e01e40ca046db22a5c666bdab1f80,Ethereum — Gnosis Safe
0xa2daadf581de3049748abe33119b44e9545bb544,Ethereum — Gnosis Safe
0xd842777b81eaaba03cbaf405df0379491359e354,Ethereum — Gnosis Safe
0xdbfff5d0b223ce78bf67eb4e9b747b2ea9dee608,Ethereum — Gnosis Safe
0x6bcbf81015df7812dc0a1c6f2cf623071a2980f8,Ethereum — Gnosis Safe
0xc34926b184d9c389dd92d8772088a888ef9f0dd0,Ethereum — Gnosis Safe
0x4126272ba14f7a124b1b98633678e0e5f87ec478,Ethereum — Gnosis Safe
0xaad9fdc82fe149a4c0afc842a66a61da7ccbba9c,Ethereum — Gnosis Safe
0x40c55b2f5dd18a8df8ef3b22ed777b9ebceec0fb,Ethereum — Gnosis Safe
0x5c1a078b2a1ca11bb15f5fbc73037d65c8ba73f5,Ethereum — Gnosis Safe
0x6cfbe9d0e474fbd7dc3d447ae5f562353ec9d6ba,Ethereum — Gnosis Safe
0x76fa82e3d38ceaecbb397828e1b6e650c83c13de,Ethereum — Gnosis Safe
0x7702ac167d397a729504128d3165fbc75c10e7ab,Ethereum — Gnosis Safe
0x7d2df5d335a1414e02a874e89b463a3225b6051b,Ethereum — Gnosis Safe
0x8799198df84e5dd8d788adbb3e986a222e3dd714,Ethereum — Gnosis Safe
0x976378445d31d81b15576811450a7b9797206807,Ethereum — Gnosis Safe
0xb92b3dd377c78d76660271bbcae3b291c4b0a731,Ethereum — Gnosis Safe
0x12bc061f01ce2ce82a1a5d986affe4dfb79261f6,Ethereum — Gnosis Safe
0x46b47468dd99b1f0f3939f1f46f48de169b39b21,Ethereum — Gnosis Safe
0xe97daa9677462ed47b53afdf534cca4203e2f84a,Ethereum — Gnosis Safe
0x026498ed6cc4c57e932a1a5b53447308aaf9c8ef,Ethereum — Gnosis Safe
0x10f238f2259ce32366d2fb8b65fad0a89ddf0dbb,Ethereum — Gnosis Safe
0x3eb429c6cf87ae18ab1e3e963021c1a64e54419c,Ethereum — Gnosis Safe
0x83a2fc8c7958422faa8a003e955751d696f546e1,Ethereum — Gnosis Safe
0xbdcc06cecbf69e9419e810d495dca05a44912c85,Ethereum — Gnosis Safe
0xbf8060106d2e83c106915a575baea3dc90c892a6,Ethereum — Gnosis Safe
0xd6d94a46eeef290888da0d7b1d2a470fde62d323,Ethereum — Gnosis Safe
0x1deb17a5848b77189815d9260c71fef7f3002dd9,Ethereum — Gnosis Safe
0x87ddd7a421dea4916101d60f0091aad42039beca,Ethereum — Other Smart Contract
0xdaf6229a5798ec2f08fc74b76925bad003e061de,Ethereum — Gnosis Safe
0x871bd16c9d843cd6fd33a87ebf393abd0a33f929,Ethereum — Gnosis Safe
0x25ab5aa1462f02edb00bdebe32e7432a30a76937,Ethereum — Other Smart Contract
0x82c6869ae1aa49366ee040a088ddfb5f2cabc3e4,Ethereum — Gnosis Safe
0x8fa153e2d93713e4ce2633bdf8b4286f1d880e9f,Ethereum — Gnosis Safe
0xbc18860eae54418b392ec880775f1084e4a8dedc,Ethereum — Gnosis Safe
0xca3099dff7709da06003ecb3f0d01a095582fa9f,Ethereum — Gnosis Safe
0x4f3a120e72c76c22ae802d129f599bfdbc31cb81,Ethereum — Gnosis Safe
0x196fbe6fe43710d48c248771b06ec57eb49eafc3,Ethereum — Gnosis Safe
0xf73333b7f62488ce1285b2f25bbe2dd37001f147,Ethereum — Gnosis Safe
0xcbfafb3e3ffd7137c82a8f62e4b9eccb57359091,Ethereum — Gnosis Safe
0x30966c35b2c698a7ca6aedfa73bc9c79b33d8ac7,Ethereum — Gnosis Safe
0x4e9f587c32e81c347ca48a0fdf8ec84381b54eb1,Ethereum — Other Smart Contract
0x260fd7d01d4747536e6d13058311075c0f71c3c4,Ethereum — Gnosis Safe
0x3b181838ae9db831c17237fabd7c10801dd49fcd,Ethereum — Gnosis Safe
0xb98ff570185abe2b95247d23ac4db2278e15701d,Ethereum — Gnosis Safe
0x160cf3c2ce2faf723a50a616d334a0ce92630398,Ethereum — Gnosis Safe
0x7a32b409353930e6650008e94f64be536a79055b,Ethereum — Gnosis Safe
0x887cef80126575278c9a0c7a3e64bb1ffd9285f8,Ethereum — Gnosis Safe
0x917a6079f60094901b6be12b169281dfd2557447,Ethereum — Gnosis Safe
0xb38360fbeb3ff7be77512591473ed75b9512b4aa,Ethereum — Gnosis Safe
0xb88f61e6fbda83fbfffabe364112137480398018,Ethereum — Gnosis Safe
0xbd69416eb2b5ed29bf4248f7216d115796cfbe0a,Ethereum — Other Smart Contract
0x0fbc63632cb41a7c4242ca738b7532d9c1065cc3,Ethereum — Gnosis Safe
0xbf0a7f14e0fa1b26beed70c12d2c12d9df8de466,Ethereum — Gnosis Safe
0x2ff161f3756f03f064330f82781c1b46711551f6,Ethereum — Gnosis Safe
0xa91cf41f09ff3aa03f1352bcc89f82c1fc4d01d6,Ethereum — Gnosis Safe
0xfda4c70cbbb8abc40b4559fbe5f2a721d6633b58,Ethereum — Gnosis Safe
0x378fa8aadf41be68ef61fc8582495fa4c89e44c4,Ethereum — Gnosis Safe
0x4164e127be31efed4d6f8171192e75e2331c8c6f,Ethereum — Other Smart Contract
0x69565fc78e3c684c31db0b734abffec4cd13c642,Ethereum — Gnosis Safe
0x3f22fc93143790a1bd11c37c65a0a0f7e7875ea2,Ethereum — Gnosis Safe
0x2d641a220ee8189c8da63e120e04709d10671ac4,Ethereum — Gnosis Safe
0x78e4b6e28f5049d8575de645040ce4bf618b363b,Ethereum — Gnosis Safe
0xf4fcf13072eaf2d7c68690d3812bdc847106566d,Ethereum — Gnosis Safe
0x0adf1a21eb41b0d24bc51c1c36d8cc1bdd724075,Ethereum — Gnosis Safe
0x3263ab3c455bdfd5a9046bca1227b9ac75903d9d,Ethereum — Gnosis Safe
0x636022eec5e7abeb00bcf32b82dea05b0af7f22c,Ethereum — Gnosis Safe
0x68f93ca632c5da79096cd92fa6fffa7182e55864,Ethereum — Gnosis Safe
0xc6400a5584db71e41b0e5dfbdc769b54b91256cd,Ethereum — Gnosis Safe
0xf48534d0772ef313c5ed367095f3a635008649a3,Ethereum — Gnosis Safe
0x913cff3ea4233a36a80192b6fcfd4f275694655e,Ethereum — Other Smart Contract
0x2d2311a41da69f217b4067ce0c72ec447c7e954c,Ethereum — Gnosis Safe
0x2d50bf6334152dbda8bed2f50e5a0d8456bd47b3,Ethereum — Gnosis Safe
0x40c0375afc1ae218dd1aada717ec43ea1158dabb,Ethereum — Gnosis Safe
0x5f8294b5c9854554104e27cf1db4d9ca76cc3894,Ethereum — Gnosis Safe
0x81ae11405582d8c8bb67f5aeb7d00e51fe73ba8e,Ethereum — Gnosis Safe
0xd38ae6e4d4c8f788f78e96665ef5343a286261fe,Ethereum — Gnosis Safe
0xd79b6005bcf3020a4dc477de8a44f6b2dd3d3d86,Ethereum — Gnosis Safe
0xe2066e7db0edc79ac6306da1fa04da23ff64d8f1,Ethereum — Gnosis Safe
0xe4c86157ae05e33369123e58dae55b124b3a64b4,Ethereum — Gnosis Safe
0xf0ff9e9aa25f80fb9446c007c369944bfd777fbf,Ethereum — Gnosis Safe
0x4ac9d60a7dffa75cfe15875a314842ad6c88f54e,Ethereum — Gnosis Safe
0xe3179b7be1568ef2145741ad9fb6c6155927c3ce,Ethereum — Gnosis Safe
0x3b0aaf6e6fcd4a7ceef8c92c32dfea9e64dc1862,Ethereum — Gnosis Safe
0x0ce1fab84395ffdb5e516450dfae863445b72085,Ethereum — Gnosis Safe
0x56398b89d53e8731bca8c1b06886cfb14bd6b654,Ethereum — Gnosis Safe
0x804fef7a32213d73aa42d0cf40beb2af8e7a89d7,Ethereum — Gnosis Safe
0xaf617af9d66f0656bdb251ce503870137061b792,Ethereum — Gnosis Safe
0xf187c6e97b24d1fae97f661945bcabbc21aab96a,Ethereum — Gnosis Safe
0xa84b6da113c0279363dd1dcc7465677a4b0455a9,Ethereum — Gnosis Safe
0xba64bd75e92987a7795ccb7eb5bfa44a0842dc75,Ethereum — Gnosis Safe
0x5e1ac7ff060ce80902c028a98eef2183fcf44d97,Ethereum — Other Smart Contract
0xcd33f197def6abb3ea7be9c6451e2424871b0cbb,Ethereum — Gnosis Safe
0xd44c5c8eb0350f0c3217114a5c25cbfdc27e3ad7,Ethereum — Gnosis Safe
0x257860e65a2b5b6aecedcaee2cd1022c117d4524,Ethereum — Gnosis Safe
0xddac9492fb80ae7736c3fa930510e8e05c5baf9c,Ethereum — Gnosis Safe
0x11cc283d06fa762061df2b0d2f0787651ceef659,Ethereum — Gnosis Safe
0x6d7cf6091d4d24c76f594b7b61c771f1aefd5dcc,Ethereum — Gnosis Safe
0xabea9132b05a70803a4e85094fd0e1800777fbef,Ethereum — Other Smart Contract
0x1769f56553d55cf35b143cf86cd953ee227450cd,Ethereum — Gnosis Safe
0x7fbe0de6ffa86f4b9528aa27029595429b0c74a9,Ethereum — Gnosis Safe
0x15061786b1b990a1a2bb98fc9c7083edad23727c,Ethereum — Gnosis Safe
0x50063c9a8fbf2f6ad6909e1939f4740a99f0520d,Ethereum — Gnosis Safe
0x7c9d3e4eebce0c56703696fb0c5983859834de61,Ethereum — Gnosis Safe
0x9f5cca5c3d68609e33dabad2270fe8f37f2542e3,Ethereum — Gnosis Safe
0xcdbb98b45b0068ef6f4e37ccf02d1f11979db835,Ethereum — Gnosis Safe
0xef345d031df42dff80ef37f970447dda9369bfb4,Ethereum — Gnosis Safe
0xa712a782a4bd2aefd4566984047d2f62ca0f1a65,Ethereum — Gnosis Safe
0x10dc08c8b05c355e2523433de3616e9f5e2e0b51,Ethereum — Gnosis Safe
0x4da948d3dc52dc4af3cd2b2213adf5de1e1eb58a,Ethereum — Gnosis Safe
0x0292c5d8e2d374284bf9df010be69ade9b6d4d34,Ethereum — Gnosis Safe
0x6e57395aa739b46c5dd461a3f5451a7f23371bbc,Ethereum — Gnosis Safe
0xf1a7a3941c098942f1c8149bd02830a29a966a0a,Ethereum — Gnosis Safe
0xf22184390b9908c2b1fe2792a081a2911b1e3b63,Ethereum — Gnosis Safe
0x7987ccb1e0c1256548e800bcfd165127f44152f5,Ethereum — Gnosis Safe
0x69da17a9228fbf07ba0a0967ac5959ded66edccc,Ethereum — Gnosis Safe
0x8116aa233416b5639593ad8ecbb667e183568c55,Ethereum — Gnosis Safe
0xf15a243f87ae06802229135b0b8a39b4bb2e7cde,Ethereum — Gnosis Safe
0x5300a1a15135ea4dc7ad5a167152c01efc9b192a,Ethereum — Other Smart Contract
0x14a3b36a41852b61eead7ba3a383044d6365394e,Ethereum — Gnosis Safe
0x40907540d8a6c65c637785e8f8b742ae6b0b9968,Ethereum — Other Smart Contract
0xc1a0b2675fb6096f051e24ef222690de36578d3c,Ethereum — Gnosis Safe
0x5f2404311f98e98c83bd831d3df1c12bdc7cd655,Ethereum — Gnosis Safe
0x00bf92464b3153fca0a088ea17ace254611136c7,Ethereum — Gnosis Safe
0x5970892478ac8987b7069819ee307d0c255528cc,Ethereum — Gnosis Safe
0x00e45e2002f1466dc2102cc6ddc231cd9150126e,Ethereum — Gnosis Safe
0xdfaf7a94b9298ba8c4b638ad85cbb83db9a61293,Ethereum — Gnosis Safe
0x4dd02774226bb8f0ad5989db206717265e902bcf,Ethereum — Gnosis Safe
0x86246327edf55e6171ef1100d3e82b32772a54ed,Ethereum — Other Smart Contract
